timestamp,model_version,source,destination,distance_km,days_to_departure,day_of_week,month,is_weekend,demand_index,travel_class,stops,departure_time_category,duration_hours,predicted_price_inr,latency_ms
2026-09-23T17:17:56.276552Z,flight_price_model_v20260923_170747,Delhi,Mumbai,1150.0,30,2,10,0,1.0,Economy,0,Morning,2.5,5608.077115691226,74.11
2026-09-23T17:17:58.298401Z,flight_price_model_v20260923_170747,Delhi,Mumbai,1150.0,30,2,10,0,1.0,Economy,0,Morning,2.5,5608.077115691225,89.27300000000001
2026-09-23T17:17:58.378271Z,flight_price_model_v20260923_170747,Delhi,Mumbai,1150.0,30,2,10,0,1.0,Economy,0,Morning,2.5,5608.077115691226,58.506
2026-09-23T17:17:58.476299Z,flight_price_model_v20260923_170747,Delhi,Mumbai,1150.0,30,2,10,0,1.0,Economy,0,Morning,2.5,5608.077115691226,78.21000000000001
2026-09-23T17:17:58.580848Z,flight_price_model_v20260923_170747,Delhi,Mumbai,1150.0,30,2,10,0,1.0,Premium Economy,0,Morning,2.5,8261.233777629233,79.207
2026-09-23T17:17:58.692287Z,flight_price_model_v20260923_170747,Delhi,Mumbai,1150.0,30,2,10,0,1.0,Business,0,Morning,2.5,17085.71358730159,94.47
2026-09-23T17:17:58.795887Z,flight_price_model_v20260923_170747,Delhi,Mumbai,1150.0,30,2,10,0,1.0,First,0,Morning,2.5,31364.9741614358,87.164
2026-09-23T17:18:42.644495Z,flight_price_model_v20260923_170747,Delhi,Mumbai,1150.0,30,2,10,0,1.0,Economy,0,Morning,2.5,5608.077115691226,164.86700000000002
2026-09-23T17:18:43.032465Z,flight_price_model_v20260923_170747,Delhi,Mumbai,1150.0,30,2,10,0,1.0,Economy,0,Morning,2.5,5608.077115691226,133.359
2026-09-23T17:18:43.197496Z,flight_price_model_v20260923_170747,Delhi,Mumbai,1150.0,30,2,10,0,1.0,Economy,0,Morning,2.5,5608.077115691225,141.33
2026-09-23T17:18:43.439936Z,flight_price_model_v20260923_170747,Delhi,Mumbai,1150.0,30,2,10,0,1.0,Economy,0,Morning,2.5,5608.077115691226,202.24200000000002
2026-09-23T17:18:43.671973Z,flight_price_model_v20260923_170747,Delhi,Mumbai,1150.0,30,2,10,0,1.0,Premium Economy,0,Morning,2.5,8261.233777629233,182.108
2026-09-23T17:18:43.861469Z,flight_price_model_v20260923_170747,Delhi,Mumbai,1150.0,30,2,10,0,1.0,Business,0,Morning,2.5,17085.713587301594,158.012
2026-09-23T17:18:44.032479Z,flight_price_model_v20260923_170747,Delhi,Mumbai,1150.0,30,2,10,0,1.0,First,0,Morning,2.5,31364.974161435795,149.284
2026-09-23T17:19:16.948629Z,flight_price_model_v20260923_170747,Delhi,Mumbai,1150.0,30,2,10,0,1.0,Economy,0,Morning,2.5,5608.077115691227,128.077
2026-09-23T17:19:17.322485Z,flight_price_model_v20260923_170747,Delhi,Mumbai,1150.0,30,2,10,0,1.0,Economy,0,Morning,2.5,5608.077115691226,159.00300000000001
2026-09-23T17:19:17.506202Z,flight_price_model_v20260923_170747,Delhi,Mumbai,1150.0,30,2,10,0,1.0,Economy,0,Morning,2.5,5608.077115691225,159.819
2026-09-23T17:19:17.714624Z,flight_price_model_v20260923_170747,Delhi,Mumbai,1150.0,30,2,10,0,1.0,Economy,0,Morning,2.5,5608.077115691225,170.94799999999998
2026-09-23T17:19:17.935866Z,flight_price_model_v20260923_170747,Delhi,Mumbai,1150.0,30,2,10,0,1.0,Premium Economy,0,Morning,2.5,8261.233777629233,197.667
2026-09-23T17:19:18.117119Z,flight_price_model_v20260923_170747,Delhi,Mumbai,1150.0,30,2,10,0,1.0,Business,0,Morning,2.5,17085.713587301587,149.507
2026-09-23T17:19:18.286417Z,flight_price_model_v20260923_170747,Delhi,Mumbai,1150.0,30,2,10,0,1.0,First,0,Morning,2.5,31364.974161435803,143.309
2026-09-23T17:33:48.067709Z,flight_price_model_v20260923_170747,Delhi,Mumbai,1150.0,30,2,10,0,1.0,Economy,0,Morning,2.5,5608.077115691226,99.615
2026-09-23T17:47:30.771508Z,flight_price_model_v20260923_170747,Delhi,Mumbai,1150.0,30,2,10,0,1.0,Economy,0,Morning,2.5,5608.077115691226,260.752
2026-09-23T17:47:31.337323Z,flight_price_model_v20260923_170747,Delhi,Mumbai,1150.0,30,2,10,0,1.0,Economy,0,Morning,2.5,5608.077115691225,166.289
2026-09-23T17:47:31.536952Z,flight_price_model_v20260923_170747,Delhi,Mumbai,1150.0,30,2,10,0,1.0,Economy,0,Morning,2.5,5608.077115691226,165.086
2026-09-23T17:47:31.736449Z,flight_price_model_v20260923_170747,Delhi,Mumbai,1150.0,30,2,10,0,1.0,Economy,0,Morning,2.5,5608.077115691226,158.713
2026-09-23T17:47:31.885438Z,flight_price_model_v20260923_170747,Delhi,Mumbai,1150.0,30,2,10,0,1.0,Premium Economy,0,Morning,2.5,8261.233777629233,132.39000000000001
2026-09-23T17:47:32.002004Z,flight_price_model_v20260923_170747,Delhi,Mumbai,1150.0,30,2,10,0,1.0,Business,0,Morning,2.5,17085.713587301594,99.625
2026-09-23T17:47:32.104000Z,flight_price_model_v20260923_170747,Delhi,Mumbai,1150.0,30,2,10,0,1.0,First,0,Morning,2.5,31364.974161435788,83.298
2026-09-23T17:48:49.919314Z,flight_price_model_v20260923_170747,Delhi,Mumbai,1150.0,30,2,10,0,1.0,Economy,0,Morning,2.5,5608.077115691226,82.963
2026-09-23T17:48:50.137947Z,flight_price_model_v20260923_170747,Delhi,Mumbai,1150.0,30,2,10,0,1.0,Economy,0,Morning,2.5,5608.077115691225,69.048
2026-09-23T17:48:50.219040Z,flight_price_model_v20260923_170747,Delhi,Mumbai,1150.0,30,2,10,0,1.0,Economy,0,Morning,2.5,5608.077115691226,67.439
2026-09-23T17:48:50.411810Z,flight_price_model_v20260923_170747,Delhi,Mumbai,1150.0,30,2,10,0,1.0,Economy,0,Morning,2.5,5608.077115691225,177.677
2026-09-23T17:48:50.493265Z,flight_price_model_v20260923_170747,Delhi,Mumbai,1150.0,30,2,10,0,1.0,Premium Economy,0,Morning,2.5,8261.233777629233,65.78699999999999
2026-09-23T17:48:50.572941Z,flight_price_model_v20260923_170747,Delhi,Mumbai,1150.0,30,2,10,0,1.0,Business,0,Morning,2.5,17085.713587301594,64.914
2026-09-23T17:48:50.666053Z,flight_price_model_v20260923_170747,Delhi,Mumbai,1150.0,30,2,10,0,1.0,First,0,Morning,2.5,31364.974161435795,84.843
2026-09-23T18:03:33.550840Z,flight_price_model_v20260923_170747,Delhi,Mumbai,1150.0,30,2,10,0,1.0,Economy,0,Morning,2.5,5608.077115691226,339.022
2026-09-23T18:03:34.079626Z,flight_price_model_v20260923_170747,Delhi,Mumbai,1150.0,30,2,10,0,1.0,Economy,0,Morning,2.5,5608.077115691225,132.583
2026-09-23T18:03:34.272114Z,flight_price_model_v20260923_170747,Delhi,Mumbai,1150.0,30,2,10,0,1.0,Economy,0,Morning,2.5,5608.077115691226,137.05999999999997
2026-09-23T18:03:34.453894Z,flight_price_model_v20260923_170747,Delhi,Mumbai,1150.0,30,2,10,0,1.0,Economy,0,Morning,2.5,5608.077115691226,148.44899999999998
2026-09-23T18:03:34.617930Z,flight_price_model_v20260923_170747,Delhi,Mumbai,1150.0,30,2,10,0,1.0,Premium Economy,0,Morning,2.5,8261.233777629233,141.29
2026-09-23T18:03:34.768844Z,flight_price_model_v20260923_170747,Delhi,Mumbai,1150.0,30,2,10,0,1.0,Business,0,Morning,2.5,17085.71358730159,133.962
2026-09-23T18:03:34.901966Z,flight_price_model_v20260923_170747,Delhi,Mumbai,1150.0,30,2,10,0,1.0,First,0,Morning,2.5,31364.974161435795,117.34400000000001
